<?xml version="1.0" encoding="UTF-8" standalone="yes"?>
<addon id="service.subtitles.pipocas" name="Pipocas.tv" version="0.1.4" provider-name="HiGhLaNdeR">
  <requires>
    <import addon="xbmc.python" version="2.14.0"/>
  </requires>
  <extension point="xbmc.subtitle.module" library="service.py" />
  <extension point="xbmc.addon.metadata">
    <summary lang="en">Pipocas.tv</summary>
    <description lang="en">Search and download subtitles from Pipocas.tv. Please check the add-on configuration before using it! Note: The "Parent Folder Search and Match" set to "AUTO" will first search by parent folder but if it's not a release then it will search normally, it's recommend to leave it "AUTO". Library is always primary, this is only for non Library Movies\TVSHOWS.</description>
    <description lang="pt">Procura e download de legendas do site Pipocas.tv. Por favor verifica as configurações do add-on antes de usar! Nota: O campo "Procura e sincroniza pela pasta do filme" em modo "AUTO" vai primeiro tentar procurar pelo nome da directoria "PAI" mas se a mesma não for uma release irá procurar pelo nome do ficheiro, recomenda-se que esteja em "AUTO". Se o filme ou série estiver na Biblioteca, o nome do filme\serie é da Biblioteca.</description>
    <disclaimer lang="en">highlander@teknorage.com</disclaimer>
    <disclaimer lang="pt">highlander@teknorage.com</disclaimer>
    <language>pt en</language>
    <platform>all</platform>
    <license>GNU GENERAL PUBLIC LICENSE. Version 2, June 1991</license>
    <forum>http://forum.xbmc.org/forumdisplay.php?fid=143</forum>
    <website></website>
    <email></email>
    <source>https://github.com/highlandr/service.subtitles.pipocas</source>
  </extension>
</addon>
