<?xml version="1.0" encoding="UTF-8"?>
    <addon id="repository.TheMisterRepository" name="[B][COLOR dodgerblue]The Mister[/COLOR][/B] Official Repository" version="1.0.1" provider-name="The Mister">
          <?<requires>
          <import addon="xbmc.addon" version="12.0.0"/>
        </requires>?>
        <extension point="xbmc.addon.repository" name="The Mister Repo">
            <info compressed="false">https://offshoregit.com/themister/addons.xml</info>
            <checksum>https://offshoregit.com/themister/addons.xml.md5</checksum>
            <datadir zip="true">https://offshoregit.com/themister/zips</datadir>
            <hashes>false</hashes>
        </extension>
        <extension point="xbmc.addon.metadata">
            <summary>The Official Repository of The Mister</summary>
            <description>This Repository contains all Addons made by The Mister.</description>
            <platform>all</platform>
    </extension>
</addon>
